timestamp,data.A1,state
2018-10-13T18:30:00.476088,1.75,0
2018-10-13T18:30:01.790472,2.31,0
2018-10-13T18:30:03.128272,4.58,0
2018-10-13T18:30:04.454996,11.06,2
2018-10-13T18:30:05.801789,6.62,0
2018-10-13T18:30:07.119408,6.61,0
2018-10-13T18:30:08.469211,6.63,0
2018-10-13T18:30:09.786542,6.56,0
2018-10-13T18:30:11.093602,6.56,0
2018-10-13T18:30:12.416145,6.57,0
2018-10-13T18:30:13.765739,1.91,0
2018-10-13T18:30:15.082511,2.07,0
2018-10-13T18:30:16.453958,1.92,0
2018-10-13T18:30:17.762527,1.95,0
2018-10-13T18:30:19.057460,1.8,0
2018-10-13T18:30:20.405625,1.79,0
2018-10-13T18:30:21.736542,1.83,0
2018-10-13T18:30:23.065961,1.76,0
2018-10-13T18:30:24.421269,1.84,0
2018-10-13T18:30:25.803775,1.81,0
2018-10-13T18:30:27.173904,1.87,0
2018-10-13T18:30:28.529350,1.81,0
2018-10-13T18:30:29.833598,1.85,0
2018-10-13T18:30:31.141662,1.81,0
2018-10-13T18:30:32.474770,1.74,0
2018-10-13T18:30:33.845577,1.71,0
2018-10-13T18:30:35.196338,1.81,0
2018-10-13T18:30:36.568955,1.72,0
2018-10-13T18:30:37.909986,1.87,0
2018-10-13T18:30:39.242162,1.83,0
2018-10-13T18:30:40.554270,1.77,0
2018-10-13T18:30:41.867117,1.8,0
2018-10-13T18:30:43.183906,1.71,0
2018-10-13T18:30:44.533609,1.75,0
2018-10-13T18:30:45.874649,1.82,0
2018-10-13T18:30:47.237501,1.79,0
2018-10-13T18:30:48.577459,2.0,0
2018-10-13T18:30:49.954883,1.89,0
2018-10-13T18:30:51.272798,1.76,0
2018-10-13T18:30:52.588845,1.79,0
2018-10-13T18:30:53.932428,1.99,0
2018-10-13T18:30:55.294742,2.12,0
2018-10-13T18:30:56.614945,2.01,0
2018-10-13T18:30:57.964287,1.84,0
2018-10-13T18:30:59.318223,1.81,0
2018-10-13T18:31:00.662099,1.86,0
2018-10-13T18:31:01.977269,2.0,0
2018-10-13T18:31:03.269750,2.01,0
2018-10-13T18:31:04.586002,2.02,0
2018-10-13T18:31:05.914646,1.97,0
2018-10-13T18:31:07.238695,1.94,0
2018-10-13T18:31:08.556480,1.87,0
2018-10-13T18:31:09.911234,1.83,0
2018-10-13T18:31:11.223011,1.93,0
2018-10-13T18:31:12.582733,1.97,0
2018-10-13T18:31:13.910096,2.02,0
2018-10-13T18:31:15.248971,1.81,0
2018-10-13T18:31:16.575223,2.14,0
2018-10-13T18:31:17.906157,1.71,0
2018-10-13T18:31:19.244611,1.75,0
2018-10-13T18:31:20.554215,2.06,0
2018-10-13T18:31:21.915885,2.11,0
2018-10-13T18:31:23.256339,1.94,0
2018-10-13T18:31:24.569385,1.91,0
2018-10-13T18:31:25.901034,1.82,0
2018-10-13T18:31:27.238111,1.86,0
2018-10-13T18:31:28.563146,2.07,0
2018-10-13T18:31:29.928405,1.92,0
2018-10-13T18:31:31.243555,1.86,0
2018-10-13T18:31:32.585704,1.94,0
2018-10-13T18:31:33.915973,1.89,0
2018-10-13T18:31:35.264948,1.99,0
2018-10-13T18:31:36.593304,1.77,0
2018-10-13T18:31:37.949292,1.89,0
2018-10-13T18:31:39.285594,1.89,0
2018-10-13T18:31:40.595405,2.03,0
2018-10-13T18:31:41.914733,1.92,0
2018-10-13T18:31:43.238291,2.15,0
2018-10-13T18:31:44.590745,1.87,0
2018-10-13T18:31:45.958991,1.83,0
2018-10-13T18:31:47.314817,1.78,0
2018-10-13T18:31:48.674775,2.47,0
2018-10-13T18:31:50.022747,2.02,0
2018-10-13T18:31:51.327964,2.37,0
2018-10-13T18:31:52.666766,2.24,0
2018-10-13T18:31:53.992555,1.79,0
2018-10-13T18:31:55.325577,2.47,0
2018-10-13T18:31:56.667835,2.6,0
2018-10-13T18:31:58.009001,1.84,0
2018-10-13T18:31:59.323680,1.93,0
2018-10-13T18:32:00.662250,1.98,0
2018-10-13T18:32:01.995464,1.9,0
2018-10-13T18:32:03.349962,1.81,0
2018-10-13T18:32:04.678204,1.88,0
2018-10-13T18:32:05.973765,1.79,0
2018-10-13T18:32:07.352615,2.14,0
2018-10-13T18:32:08.709945,12.91,2
2018-10-13T18:32:10.030459,11.86,0
2018-10-13T18:32:11.357500,6.65,0
2018-10-13T18:32:12.709538,6.65,0
2018-10-13T18:32:14.001512,6.63,0
2018-10-13T18:32:15.306650,6.53,0
2018-10-13T18:32:16.647873,6.56,0
2018-10-13T18:32:17.965321,6.58,0
2018-10-13T18:32:19.285517,1.89,0
2018-10-13T18:32:20.601257,2.15,0
2018-10-13T18:32:21.926428,2.02,0
2018-10-13T18:32:23.243099,1.96,0
2018-10-13T18:32:24.555048,1.78,0
2018-10-13T18:32:25.849240,1.98,0
2018-10-13T18:32:27.169429,1.76,0
2018-10-13T18:32:28.504011,1.79,0
2018-10-13T18:32:29.819199,2.03,0
2018-10-13T18:32:31.137706,2.13,0
2018-10-13T18:32:32.456433,1.87,0
2018-10-13T18:32:33.753555,1.9,0
2018-10-13T18:32:35.087924,1.91,0
2018-10-13T18:32:36.410759,1.77,0
2018-10-13T18:32:37.723176,1.96,0
2018-10-13T18:32:39.086766,2.16,0
2018-10-13T18:32:40.417081,1.91,0
2018-10-13T18:32:41.752830,2.02,0
2018-10-13T18:32:43.062388,1.96,0
2018-10-13T18:32:44.422928,2.01,0
2018-10-13T18:32:45.768284,1.84,0
2018-10-13T18:32:47.118841,1.78,0
2018-10-13T18:32:48.481227,2.0,0
2018-10-13T18:32:49.842959,2.03,0
2018-10-13T18:32:51.190009,1.95,0
2018-10-13T18:32:52.527543,1.8,0
2018-10-13T18:32:53.864120,1.87,0
2018-10-13T18:32:55.195879,1.83,0
2018-10-13T18:32:56.522313,1.8,0
2018-10-13T18:32:57.847677,2.09,0
2018-10-13T18:32:59.165921,2.04,0
2018-10-13T18:33:00.501909,1.95,0
2018-10-13T18:33:01.844914,1.9,0
2018-10-13T18:33:03.160825,2.32,0
2018-10-13T18:33:04.502253,2.58,0
2018-10-13T18:33:05.813634,3.19,1
2018-10-13T18:33:07.189905,1.86,0
2018-10-13T18:33:08.533225,1.91,0
2018-10-13T18:33:09.858928,1.91,0
2018-10-13T18:33:11.194486,1.96,0
2018-10-13T18:33:12.522774,1.87,0
2018-10-13T18:33:13.838456,1.79,0
2018-10-13T18:33:15.189505,1.83,0
2018-10-13T18:33:16.551939,2.05,0
2018-10-13T18:33:17.862871,1.88,0
2018-10-13T18:33:19.211440,2.27,0
2018-10-13T18:33:20.505350,1.84,0
2018-10-13T18:33:21.850619,1.83,0
2018-10-13T18:33:23.196979,1.74,0
2018-10-13T18:33:24.536497,2.12,0
2018-10-13T18:33:25.850600,2.06,0
2018-10-13T18:33:27.208507,2.25,0
2018-10-13T18:33:28.537294,2.05,0
2018-10-13T18:33:29.845832,2.27,0
2018-10-13T18:33:31.194653,2.6,0
2018-10-13T18:33:32.525633,3.27,1
2018-10-13T18:33:33.834131,1.98,0
2018-10-13T18:33:35.172149,2.1,0
2018-10-13T18:33:36.536351,2.01,0
2018-10-13T18:33:37.849432,1.97,0
2018-10-13T18:33:39.195724,1.94,0
2018-10-13T18:33:40.520577,1.83,0
2018-10-13T18:33:41.836690,1.87,0
2018-10-13T18:33:43.176590,2.02,0
2018-10-13T18:33:44.536773,2.12,0
2018-10-13T18:33:45.906225,13.92,2
2018-10-13T18:33:47.230920,8.92,0
2018-10-13T18:33:48.573529,6.52,0
2018-10-13T18:33:49.920091,6.6,0
2018-10-13T18:33:51.274232,6.61,0
2018-10-13T18:33:52.582774,6.53,0
2018-10-13T18:33:53.916491,6.55,0
2018-10-13T18:33:55.274631,6.52,0
2018-10-13T18:33:56.617408,1.91,0
2018-10-13T18:33:57.965828,2.08,0
2018-10-13T18:33:59.300891,1.92,0
2018-10-13T18:34:00.605281,1.94,0
2018-10-13T18:34:01.966664,2.15,0
2018-10-13T18:34:03.323763,1.75,0
2018-10-13T18:34:04.659779,1.72,0
2018-10-13T18:34:06.007652,2.1,0
2018-10-13T18:34:07.333862,2.27,0
2018-10-13T18:34:08.696242,1.91,0
2018-10-13T18:34:10.027247,1.87,0
2018-10-13T18:34:11.321767,1.84,0
2018-10-13T18:34:12.665733,1.9,0
2018-10-13T18:34:14.026270,2.24,0
2018-10-13T18:34:15.324743,3.09,1
2018-10-13T18:34:16.701167,1.82,0
2018-10-13T18:34:18.012870,2.0,0
2018-10-13T18:34:19.345161,1.93,0
2018-10-13T18:34:20.693613,1.87,0
2018-10-13T18:34:22.043940,1.77,0
2018-10-13T18:34:23.383773,1.89,0
2018-10-13T18:34:24.699605,1.75,0
2018-10-13T18:34:26.046468,2.15,0
2018-10-13T18:34:27.405929,1.86,0
2018-10-13T18:34:28.760589,2.16,0
2018-10-13T18:34:30.076651,1.86,0
2018-10-13T18:34:31.448570,1.78,0
2018-10-13T18:34:32.777170,2.04,0
2018-10-13T18:34:34.087476,2.79,1
2018-10-13T18:34:35.404610,1.94,0
2018-10-13T18:34:36.763961,1.97,0
2018-10-13T18:34:38.086029,1.86,0
2018-10-13T18:34:39.400096,1.76,0
2018-10-13T18:34:40.765694,1.94,0
2018-10-13T18:34:42.081866,1.99,0
2018-10-13T18:34:43.446183,1.94,0
2018-10-13T18:34:44.765555,1.98,0
2018-10-13T18:34:46.129422,2.01,0
2018-10-13T18:34:47.446291,1.98,0
2018-10-13T18:34:48.792238,1.83,0
2018-10-13T18:34:50.105639,1.79,0
2018-10-13T18:34:51.445741,1.89,0
2018-10-13T18:34:52.759761,2.02,0
2018-10-13T18:34:54.056205,1.88,0
2018-10-13T18:34:55.412325,1.96,0
2018-10-13T18:34:56.774966,1.8,0
2018-10-13T18:34:58.074846,1.8,0
2018-10-13T18:34:59.397730,1.79,0
2018-10-13T18:35:00.762222,2.04,0
2018-10-13T18:35:02.104866,2.17,0
2018-10-13T18:35:03.467120,2.19,0
2018-10-13T18:35:04.810638,2.16,0
2018-10-13T18:35:06.116700,2.15,0
2018-10-13T18:35:07.463304,2.52,0
2018-10-13T18:35:08.760591,3.39,1
2018-10-13T18:35:10.069821,1.95,0
2018-10-13T18:35:11.403678,1.97,0
2018-10-13T18:35:12.763309,2.03,0
2018-10-13T18:35:14.086487,1.99,0
2018-10-13T18:35:15.401780,1.86,0
2018-10-13T18:35:16.776811,1.79,0
2018-10-13T18:35:18.089684,1.92,0
2018-10-13T18:35:19.418923,2.21,0
2018-10-13T18:35:20.766363,2.14,0
2018-10-13T18:35:22.105465,13.46,2
2018-10-13T18:35:23.446283,6.8,0
2018-10-13T18:35:24.757723,6.56,0
2018-10-13T18:35:26.073283,6.56,0
2018-10-13T18:35:27.406583,6.54,0
2018-10-13T18:35:28.778387,6.56,0
2018-10-13T18:35:30.101647,6.53,0
2018-10-13T18:35:31.462038,2.1,0
2018-10-13T18:35:32.762136,2.06,0
2018-10-13T18:35:34.094815,2.03,0
2018-10-13T18:35:35.446175,1.88,0
2018-10-13T18:35:36.758036,1.74,0
2018-10-13T18:35:38.065496,2.07,0
2018-10-13T18:35:39.424280,1.73,0
2018-10-13T18:35:40.763315,1.8,0
2018-10-13T18:35:42.072456,2.09,0
2018-10-13T18:35:43.398688,2.24,0
2018-10-13T18:35:44.773607,1.93,0
2018-10-13T18:35:46.116090,1.91,0
2018-10-13T18:35:47.456968,1.93,0
2018-10-13T18:35:48.814834,1.82,0
2018-10-13T18:35:50.175892,1.96,0
2018-10-13T18:35:51.529427,2.05,0
2018-10-13T18:35:52.840581,1.82,0
2018-10-13T18:35:54.155317,1.9,0
2018-10-13T18:35:55.516189,1.87,0
2018-10-13T18:35:56.855767,2.0,0
2018-10-13T18:35:58.203598,1.84,0
2018-10-13T18:35:59.511990,1.86,0
2018-10-13T18:36:00.811038,1.95,0
2018-10-13T18:36:02.156417,2.01,0
2018-10-13T18:36:03.509835,1.86,0
2018-10-13T18:36:04.844695,1.72,0
2018-10-13T18:36:06.203419,1.77,0
2018-10-13T18:36:07.525861,1.8,0
2018-10-13T18:36:08.836922,1.95,0
2018-10-13T18:36:10.198049,1.96,0
2018-10-13T18:36:11.557019,2.09,0
2018-10-13T18:36:12.889424,1.93,0
2018-10-13T18:36:14.225293,2.13,0
2018-10-13T18:36:15.544270,2.27,0
2018-10-13T18:36:16.841004,2.0,0
2018-10-13T18:36:18.167534,3.25,1
2018-10-13T18:36:19.466667,1.82,0
2018-10-13T18:36:20.828738,2.0,0
2018-10-13T18:36:22.180793,1.94,0
2018-10-13T18:36:23.516595,1.92,0
2018-10-13T18:36:24.857624,1.87,0
2018-10-13T18:36:26.183904,1.92,0
2018-10-13T18:36:27.537890,1.86,0
2018-10-13T18:36:28.851591,2.09,0
2018-10-13T18:36:30.172495,1.72,0
2018-10-13T18:36:31.549286,1.77,0
2018-10-13T18:36:32.895658,1.87,0
2018-10-13T18:36:34.237456,1.81,0
2018-10-13T18:36:35.589782,1.75,0
2018-10-13T18:36:36.906357,1.82,0
2018-10-13T18:36:38.216139,2.19,0
2018-10-13T18:36:39.573284,1.74,0
2018-10-13T18:36:40.886151,1.73,0
2018-10-13T18:36:42.202996,1.83,0
2018-10-13T18:36:43.520039,2.09,0
2018-10-13T18:36:44.838710,2.08,0
2018-10-13T18:36:46.199427,2.13,0
2018-10-13T18:36:47.553053,2.38,0
2018-10-13T18:36:48.942961,1.83,0
2018-10-13T18:36:50.285241,2.59,0
2018-10-13T18:36:51.606374,3.28,1
2018-10-13T18:36:52.974983,1.82,0
2018-10-13T18:36:54.305660,2.01,0
2018-10-13T18:36:55.631237,1.97,0
2018-10-13T18:36:56.949999,1.93,0
2018-10-13T18:36:58.331113,1.85,0
2018-10-13T18:36:59.667470,1.87,0
2018-10-13T18:37:01.016009,1.97,0
2018-10-13T18:37:02.335679,2.05,0
2018-10-13T18:37:03.649931,2.17,0
2018-10-13T18:37:04.967889,14.01,2
2018-10-13T18:37:06.263072,9.51,0
2018-10-13T18:37:07.575670,6.51,0
2018-10-13T18:37:08.913532,6.6,0
2018-10-13T18:37:10.273239,6.59,0
2018-10-13T18:37:11.590343,6.51,0
2018-10-13T18:37:12.939453,6.57,0
2018-10-13T18:37:14.287369,6.53,0
2018-10-13T18:37:15.642793,1.83,0
2018-10-13T18:37:16.984609,2.12,0
2018-10-13T18:37:18.326063,1.95,0
2018-10-13T18:37:19.656386,2.02,0
2018-10-13T18:37:20.966536,2.34,0
2018-10-13T18:37:22.266515,1.83,0
2018-10-13T18:37:23.582928,1.81,0
2018-10-13T18:37:24.941127,1.96,0
2018-10-13T18:37:26.248548,2.59,0
2018-10-13T18:37:27.554659,1.93,0
2018-10-13T18:37:28.862894,2.38,0
2018-10-13T18:37:30.178302,1.86,0
2018-10-13T18:37:31.516514,1.79,0
2018-10-13T18:37:32.845167,2.49,0
2018-10-13T18:37:34.205768,3.21,1
2018-10-13T18:37:35.525981,1.88,0
2018-10-13T18:37:36.858301,1.92,0
2018-10-13T18:37:38.169941,1.97,0
2018-10-13T18:37:39.519066,1.94,0
2018-10-13T18:37:40.845968,1.89,0
2018-10-13T18:37:42.189361,1.92,0
2018-10-13T18:37:43.526850,1.86,0
2018-10-13T18:37:44.828713,2.04,0
2018-10-13T18:37:46.237243,1.89,0
2018-10-13T18:37:47.590243,2.29,0
2018-10-13T18:37:48.906448,1.85,0
2018-10-13T18:37:50.271375,1.89,0
2018-10-13T18:37:51.580417,1.85,0
2018-10-13T18:37:52.904681,2.04,0
2018-10-13T18:37:54.221342,2.01,0
2018-10-13T18:37:55.546551,2.44,0
2018-10-13T18:37:56.859191,2.35,0
2018-10-13T18:37:58.214434,1.83,0
2018-10-13T18:37:59.537823,2.56,0
2018-10-13T18:38:00.875965,3.23,1
2018-10-13T18:38:02.201462,1.88,0
2018-10-13T18:38:03.565859,1.99,0
2018-10-13T18:38:04.918411,1.99,0
2018-10-13T18:38:06.218633,1.89,0
2018-10-13T18:38:07.545654,1.87,0
2018-10-13T18:38:08.858249,1.87,0
2018-10-13T18:38:10.189788,1.86,0
2018-10-13T18:38:11.496868,2.05,0
2018-10-13T18:38:12.828046,1.95,0
2018-10-13T18:38:14.166181,1.76,0
2018-10-13T18:38:15.501381,2.06,0
2018-10-13T18:38:16.822311,1.7,0
2018-10-13T18:38:18.169312,1.79,0
2018-10-13T18:38:19.512562,2.05,0
2018-10-13T18:38:20.857882,2.09,0
2018-10-13T18:38:22.187013,1.94,0
2018-10-13T18:38:23.565823,1.91,0
2018-10-13T18:38:24.901902,1.8,0
2018-10-13T18:38:26.229812,1.9,0
2018-10-13T18:38:27.546837,3.0,1
2018-10-13T18:38:28.849858,1.94,0
2018-10-13T18:38:30.181628,1.92,0
2018-10-13T18:38:31.560339,1.94,0
2018-10-13T18:38:32.909547,1.96,0
2018-10-13T18:38:34.270374,1.91,0
2018-10-13T18:38:35.601556,1.75,0
2018-10-13T18:38:36.942814,1.96,0
2018-10-13T18:38:38.268591,1.95,0
2018-10-13T18:38:39.594604,2.12,0
2018-10-13T18:38:40.906187,13.99,2
2018-10-13T18:38:42.220118,7.54,0
2018-10-13T18:38:43.562277,6.6,0
2018-10-13T18:38:44.856648,6.5,0
2018-10-13T18:38:46.214684,6.55,0
2018-10-13T18:38:47.574747,6.47,0
2018-10-13T18:38:48.948498,6.56,0
2018-10-13T18:38:50.295103,6.54,0
2018-10-13T18:38:51.655237,2.04,0
2018-10-13T18:38:52.969618,1.96,0
2018-10-13T18:38:54.316276,1.86,0
2018-10-13T18:38:55.680782,1.79,0
2018-10-13T18:38:57.024659,2.22,0
2018-10-13T18:38:58.369904,1.76,0
2018-10-13T18:38:59.690125,1.8,0
2018-10-13T18:39:01.008262,2.11,0
2018-10-13T18:39:02.330852,2.07,0
2018-10-13T18:39:03.670104,1.94,0
2018-10-13T18:39:05.013619,1.9,0
2018-10-13T18:39:06.313625,1.86,0
2018-10-13T18:39:07.657578,1.94,0
2018-10-13T18:39:08.984964,1.98,0
2018-10-13T18:39:10.299442,1.95,0
2018-10-13T18:39:11.663705,1.84,0
2018-10-13T18:39:13.018310,1.99,0
2018-10-13T18:39:14.312127,1.95,0
2018-10-13T18:39:15.615344,1.99,0
2018-10-13T18:39:16.943657,1.82,0
2018-10-13T18:39:18.246378,1.79,0
2018-10-13T18:39:19.575270,1.97,0
2018-10-13T18:39:20.903611,2.02,0
2018-10-13T18:39:22.218150,1.99,0
2018-10-13T18:39:23.563599,1.77,0
2018-10-13T18:39:24.902227,1.94,0
2018-10-13T18:39:26.266614,1.75,0
2018-10-13T18:39:27.590257,1.73,0
2018-10-13T18:39:28.933530,1.99,0
2018-10-13T18:39:30.250346,2.01,0
2018-10-13T18:39:31.578098,1.99,0
2018-10-13T18:39:32.905781,1.85,0
2018-10-13T18:39:34.238210,2.33,0
2018-10-13T18:39:35.565858,2.08,0
2018-10-13T18:39:36.909335,3.25,1
2018-10-13T18:39:38.249113,1.91,0
2018-10-13T18:39:39.575394,1.99,0
2018-10-13T18:39:40.937509,2.04,0
2018-10-13T18:39:42.273434,1.92,0
2018-10-13T18:39:43.610970,1.83,0
2018-10-13T18:39:44.943701,1.77,0
2018-10-13T18:39:46.271559,1.91,0
2018-10-13T18:39:47.693631,2.08,0
2018-10-13T18:39:49.033564,1.89,0
2018-10-13T18:39:50.362943,1.78,0
2018-10-13T18:39:51.696312,1.84,0
2018-10-13T18:39:53.016344,1.8,0
2018-10-13T18:39:54.309624,1.79,0
2018-10-13T18:39:55.653974,2.07,0
2018-10-13T18:39:57.014037,2.07,0
2018-10-13T18:39:58.316308,1.97,0
2018-10-13T18:39:59.663839,1.99,0
2018-10-13T18:40:01.005963,2.18,0
2018-10-13T18:40:02.346619,1.86,0
2018-10-13T18:40:03.688637,3.27,1
2018-10-13T18:40:05.028851,1.87,0
2018-10-13T18:40:06.341816,1.84,0
2018-10-13T18:40:07.701624,2.02,0
2018-10-13T18:40:09.013669,1.91,0
2018-10-13T18:40:10.357918,1.83,0
2018-10-13T18:40:11.688879,1.76,0
2018-10-13T18:40:13.013677,1.87,0
2018-10-13T18:40:14.310309,1.73,0
2018-10-13T18:40:15.614126,2.1,0
2018-10-13T18:40:16.970556,13.4,2
2018-10-13T18:40:18.310173,11.57,0
2018-10-13T18:40:19.637648,6.65,0
2018-10-13T18:40:20.997866,6.54,0
2018-10-13T18:40:22.301891,6.58,0
2018-10-13T18:40:23.622162,6.53,0
2018-10-13T18:40:24.937144,6.48,0
2018-10-13T18:40:26.251211,6.53,0
2018-10-13T18:40:27.578887,1.99,0
2018-10-13T18:40:28.906467,2.02,0
2018-10-13T18:40:30.223998,1.91,0
2018-10-13T18:40:31.577607,1.87,0
2018-10-13T18:40:32.911141,1.93,0
2018-10-13T18:40:34.261912,1.73,0
2018-10-13T18:40:35.589992,1.73,0
2018-10-13T18:40:36.907124,1.86,0
2018-10-13T18:40:38.222101,2.03,0
2018-10-13T18:40:39.544602,2.08,0
2018-10-13T18:40:40.854966,1.95,0
2018-10-13T18:40:42.185971,2.29,0
2018-10-13T18:40:43.497712,2.15,0
2018-10-13T18:40:44.830218,1.87,0
2018-10-13T18:40:46.228629,3.21,1
2018-10-13T18:40:47.583659,1.87,0
2018-10-13T18:40:48.959630,1.95,0
2018-10-13T18:40:50.336677,2.07,0
2018-10-13T18:40:51.692455,1.97,0
2018-10-13T18:40:53.000219,1.89,0
2018-10-13T18:40:54.294830,1.83,0
2018-10-13T18:40:55.615381,1.9,0
2018-10-13T18:40:56.933614,2.02,0
2018-10-13T18:40:58.277731,1.89,0
2018-10-13T18:40:59.579941,1.76,0
2018-10-13T18:41:00.955261,1.77,0
2018-10-13T18:41:02.271995,1.89,0
2018-10-13T18:41:03.581461,1.81,0
2018-10-13T18:41:04.940598,2.07,0
2018-10-13T18:41:06.247861,2.0,0
2018-10-13T18:41:07.550478,1.95,0
2018-10-13T18:41:08.881102,1.91,0
2018-10-13T18:41:10.209699,2.16,0
2018-10-13T18:41:11.541853,2.23,0
2018-10-13T18:41:12.843261,3.27,1
2018-10-13T18:41:14.181827,1.86,0
2018-10-13T18:41:15.542028,1.9,0
2018-10-13T18:41:16.871735,1.92,0
2018-10-13T18:41:18.201073,1.85,0
2018-10-13T18:41:19.541996,1.95,0
2018-10-13T18:41:20.843628,1.81,0
2018-10-13T18:41:22.187576,1.89,0
2018-10-13T18:41:23.518628,1.74,0
2018-10-13T18:41:24.857075,2.13,0
2018-10-13T18:41:26.171796,1.87,0
2018-10-13T18:41:27.504100,2.11,0
2018-10-13T18:41:28.812879,1.74,0
2018-10-13T18:41:30.149777,1.74,0
2018-10-13T18:41:31.481823,1.99,0
2018-10-13T18:41:32.793596,2.93,1
2018-10-13T18:41:34.165247,1.99,0
2018-10-13T18:41:35.495625,2.23,0
2018-10-13T18:41:36.810838,1.85,0
2018-10-13T18:41:38.149741,1.79,0
2018-10-13T18:41:39.482996,1.87,0
2018-10-13T18:41:40.814722,2.01,0
2018-10-13T18:41:42.165783,2.01,0
2018-10-13T18:41:43.500261,2.05,0
2018-10-13T18:41:44.807927,1.94,0
2018-10-13T18:41:46.158691,1.86,0
2018-10-13T18:41:47.539797,1.85,0
2018-10-13T18:41:48.896585,1.79,0
2018-10-13T18:41:50.280360,1.95,0
2018-10-13T18:41:51.590395,2.1,0
2018-10-13T18:41:52.937058,13.97,2
2018-10-13T18:41:54.267968,9.54,0
2018-10-13T18:41:55.608247,6.5,0
2018-10-13T18:41:56.950945,6.62,0
2018-10-13T18:41:58.265138,6.57,0
2018-10-13T18:41:59.573777,6.33,0
2018-10-13T18:42:00.933636,6.58,0
2018-10-13T18:42:02.250591,6.54,0
2018-10-13T18:42:03.578381,1.94,0
2018-10-13T18:42:04.921060,2.0,0
2018-10-13T18:42:06.233613,1.91,0
2018-10-13T18:42:07.579762,2.02,0
2018-10-13T18:42:08.949813,2.3,0
2018-10-13T18:42:10.263054,1.87,0
2018-10-13T18:42:11.595128,1.85,0
2018-10-13T18:42:12.950077,2.0,0
2018-10-13T18:42:14.262972,2.44,0
2018-10-13T18:42:15.593194,1.98,0
2018-10-13T18:42:16.944510,2.3,0
2018-10-13T18:42:18.252421,1.89,0
2018-10-13T18:42:19.560855,1.76,0
2018-10-13T18:42:20.860012,2.01,0
2018-10-13T18:42:22.200837,3.27,1
2018-10-13T18:42:23.498827,1.97,0
2018-10-13T18:42:24.810753,1.93,0
2018-10-13T18:42:26.145467,1.94,0
2018-10-13T18:42:27.482551,1.93,0
2018-10-13T18:42:28.824938,1.88,0
2018-10-13T18:42:30.160751,1.77,0
2018-10-13T18:42:31.495677,1.9,0
2018-10-13T18:42:32.811956,1.69,0
2018-10-13T18:42:34.181897,2.07,0
2018-10-13T18:42:35.527447,1.86,0
2018-10-13T18:42:36.821957,2.22,0
2018-10-13T18:42:38.151406,1.78,0
2018-10-13T18:42:39.465085,1.81,0
2018-10-13T18:42:40.826692,1.93,0
2018-10-13T18:42:42.150045,2.25,0
2018-10-13T18:42:43.466353,1.94,0
2018-10-13T18:42:44.809944,2.25,0
2018-10-13T18:42:46.215617,1.83,0
2018-10-13T18:42:47.575697,1.87,0
2018-10-13T18:42:48.953642,1.9,0
2018-10-13T18:42:50.269668,2.04,0
2018-10-13T18:42:51.637716,1.84,0
2018-10-13T18:42:53.017836,1.9,0
2018-10-13T18:42:54.315646,2.01,0
2018-10-13T18:42:55.690762,1.92,0
2018-10-13T18:42:57.054536,1.82,0
2018-10-13T18:42:58.391151,1.87,0
2018-10-13T18:42:59.734082,1.98,0
2018-10-13T18:43:01.069964,2.01,0
2018-10-13T18:43:02.408726,1.86,0
2018-10-13T18:43:03.763652,2.17,0
2018-10-13T18:43:05.066441,1.83,0
2018-10-13T18:43:06.391087,1.81,0
2018-10-13T18:43:07.717779,2.02,0
2018-10-13T18:43:09.051140,2.71,0
2018-10-13T18:43:10.366676,1.86,0
2018-10-13T18:43:11.689917,2.16,0
2018-10-13T18:43:13.033201,1.9,0
2018-10-13T18:43:14.331336,1.85,0
2018-10-13T18:43:15.646516,2.15,0
2018-10-13T18:43:17.002917,1.96,0
2018-10-13T18:43:18.303901,1.9,0
2018-10-13T18:43:19.643598,1.91,0
2018-10-13T18:43:20.997902,1.94,0
2018-10-13T18:43:22.333602,1.9,0
2018-10-13T18:43:23.665841,1.82,0
2018-10-13T18:43:25.000689,1.79,0
2018-10-13T18:43:26.297088,1.98,0
2018-10-13T18:43:27.599772,2.02,0
2018-10-13T18:43:28.935584,2.01,0
2018-10-13T18:43:30.269060,13.56,2
2018-10-13T18:43:31.657096,6.87,0
2018-10-13T18:43:33.025007,6.72,0
2018-10-13T18:43:34.365720,6.58,0
2018-10-13T18:43:35.692275,6.53,0
2018-10-13T18:43:37.016850,6.5,0
2018-10-13T18:43:38.346192,6.56,0
2018-10-13T18:43:39.655869,3.08,0
2018-10-13T18:43:41.001374,2.09,0
2018-10-13T18:43:42.296188,1.99,0
2018-10-13T18:43:43.646081,1.88,0
2018-10-13T18:43:45.022781,1.88,0
2018-10-13T18:43:46.410178,1.75,0
2018-10-13T18:43:47.782524,1.75,0
2018-10-13T18:43:49.151935,1.83,0
2018-10-13T18:43:50.506145,2.05,0
2018-10-13T18:43:51.828701,2.13,0
2018-10-13T18:43:53.150398,1.91,0
2018-10-13T18:43:54.496021,1.96,0
2018-10-13T18:43:55.817748,1.78,0
2018-10-13T18:43:57.129945,1.86,0
2018-10-13T18:43:58.445844,2.59,0
2018-10-13T18:43:59.771076,1.9,0
2018-10-13T18:44:01.102045,2.04,0
2018-10-13T18:44:02.441454,1.91,0
2018-10-13T18:44:03.752140,1.96,0
2018-10-13T18:44:05.049104,1.87,0
2018-10-13T18:44:06.350723,1.8,0
2018-10-13T18:44:07.687090,1.86,0
2018-10-13T18:44:09.036463,1.83,0
2018-10-13T18:44:10.390196,2.13,0
2018-10-13T18:44:11.721831,1.84,0
2018-10-13T18:44:13.062302,2.16,0
2018-10-13T18:44:14.408894,1.83,0
2018-10-13T18:44:15.753534,1.85,0
2018-10-13T18:44:17.081437,2.06,0
2018-10-13T18:44:18.410572,2.22,0
2018-10-13T18:44:19.762768,1.97,0
2018-10-13T18:44:21.128896,1.88,0
2018-10-13T18:44:22.461779,1.98,0
2018-10-13T18:44:23.805816,1.91,0
2018-10-13T18:44:25.126168,2.29,0
2018-10-13T18:44:26.444509,1.98,0
2018-10-13T18:44:27.786219,1.94,0
2018-10-13T18:44:29.096991,1.96,0
2018-10-13T18:44:30.438046,2.01,0
2018-10-13T18:44:31.781761,1.92,0
2018-10-13T18:44:33.102241,1.8,0
2018-10-13T18:44:34.453900,1.83,0
2018-10-13T18:44:35.786759,1.85,0
2018-10-13T18:44:37.085251,1.99,0
2018-10-13T18:44:38.414854,1.94,0
2018-10-13T18:44:39.776340,2.27,0
2018-10-13T18:44:41.083405,1.81,0
2018-10-13T18:44:42.402908,1.82,0
2018-10-13T18:44:43.706543,1.88,0
2018-10-13T18:44:45.001326,1.99,0
2018-10-13T18:44:46.352513,2.09,0
2018-10-13T18:44:47.691225,2.34,0
2018-10-13T18:44:49.076666,2.24,0
2018-10-13T18:44:50.407987,1.78,0
2018-10-13T18:44:51.765868,2.51,0
2018-10-13T18:44:53.092572,3.37,1
2018-10-13T18:44:54.438086,1.91,0
2018-10-13T18:44:55.782824,1.98,0
2018-10-13T18:44:57.099677,1.98,0
2018-10-13T18:44:58.406264,1.97,0
2018-10-13T18:44:59.751793,1.88,0
2018-10-13T18:45:01.075167,1.82,0
2018-10-13T18:45:02.390115,1.85,0
2018-10-13T18:45:03.704286,2.3,0
2018-10-13T18:45:05.000831,1.98,0
2018-10-13T18:45:06.310519,12.67,2
2018-10-13T18:45:07.639185,6.86,0
2018-10-13T18:45:09.030490,6.6,0
2018-10-13T18:45:10.357190,6.63,0
2018-10-13T18:45:11.707488,6.52,0
2018-10-13T18:45:13.057030,6.8,0
2018-10-13T18:45:14.396739,6.78,0
2018-10-13T18:45:15.752411,2.12,0
2018-10-13T18:45:17.066084,2.1,0
2018-10-13T18:45:18.394066,2.13,0
2018-10-13T18:45:19.706830,2.1,0
2018-10-13T18:45:21.048407,1.79,0
2018-10-13T18:45:22.401830,1.92,0
2018-10-13T18:45:23.745265,1.84,0
2018-10-13T18:45:25.046369,2.05,0
2018-10-13T18:45:26.348746,2.08,0
2018-10-13T18:45:27.699429,1.74,0
2018-10-13T18:45:29.079939,1.81,0
2018-10-13T18:45:30.395075,1.84,0
2018-10-13T18:45:31.718219,1.75,0
2018-10-13T18:45:33.030942,2.0,0
2018-10-13T18:45:34.331285,1.82,0
2018-10-13T18:45:35.658061,1.82,0
2018-10-13T18:45:36.971241,1.76,0
2018-10-13T18:45:38.295937,2.07,0
2018-10-13T18:45:39.644479,2.06,0
2018-10-13T18:45:41.012475,1.93,0
2018-10-13T18:45:42.346646,2.04,0
2018-10-13T18:45:43.656706,2.32,0
2018-10-13T18:45:45.001388,1.77,0
2018-10-13T18:45:46.348811,2.05,0
2018-10-13T18:45:47.709690,1.95,0
2018-10-13T18:45:49.069613,1.87,0
2018-10-13T18:45:50.445674,1.91,0
2018-10-13T18:45:51.766214,1.94,0
2018-10-13T18:45:53.092665,1.95,0
2018-10-13T18:45:54.432323,1.79,0
2018-10-13T18:45:55.751065,1.82,0
2018-10-13T18:45:57.063084,1.88,0
2018-10-13T18:45:58.425711,2.14,0
2018-10-13T18:45:59.784015,1.88,0
2018-10-13T18:46:01.130100,2.04,0
2018-10-13T18:46:02.452190,1.78,0
2018-10-13T18:46:03.836423,1.75,0
2018-10-13T18:46:05.173633,1.91,0
2018-10-13T18:46:06.533880,2.05,0
2018-10-13T18:46:07.848715,2.01,0
2018-10-13T18:46:09.158728,2.21,0
2018-10-13T18:46:10.456338,2.09,0
2018-10-13T18:46:11.788128,1.79,0
2018-10-13T18:46:13.154914,2.38,0
2018-10-13T18:46:14.492169,3.22,1
2018-10-13T18:46:15.820998,1.89,0
2018-10-13T18:46:17.177026,1.9,0
2018-10-13T18:46:18.492864,1.94,0
2018-10-13T18:46:19.817148,1.99,0
2018-10-13T18:46:21.132202,1.8,0
2018-10-13T18:46:22.476459,1.78,0
2018-10-13T18:46:23.812320,1.86,0
2018-10-13T18:46:25.134008,2.07,0
2018-10-13T18:46:26.458671,1.9,0
2018-10-13T18:46:27.753482,2.25,0
2018-10-13T18:46:29.093206,1.74,0
2018-10-13T18:46:30.457308,1.76,0
2018-10-13T18:46:31.803978,1.87,0
2018-10-13T18:46:33.148265,1.99,0
2018-10-13T18:46:34.492473,2.01,0
2018-10-13T18:46:35.878063,2.3,0
2018-10-13T18:46:37.206285,1.88,0
2018-10-13T18:46:38.556266,1.88,0
2018-10-13T18:46:39.904651,2.48,0
2018-10-13T18:46:41.243701,2.77,1
2018-10-13T18:46:42.552478,1.92,0
2018-10-13T18:46:43.881431,1.95,0
2018-10-13T18:46:45.199266,1.94,0
2018-10-13T18:46:46.601518,1.96,0
2018-10-13T18:46:47.943701,1.85,0
2018-10-13T18:46:49.285197,1.82,0
2018-10-13T18:46:50.613572,1.84,0
2018-10-13T18:46:51.990787,1.97,0
2018-10-13T18:46:53.326735,2.1,0
2018-10-13T18:46:54.688667,13.73,2
2018-10-13T18:46:56.016606,8.03,0
2018-10-13T18:46:57.324510,6.59,0
2018-10-13T18:46:58.680604,6.62,0
2018-10-13T18:47:00.012598,6.53,0
2018-10-13T18:47:01.346828,6.47,0
2018-10-13T18:47:02.690140,6.55,0
2018-10-13T18:47:04.013551,6.54,0
2018-10-13T18:47:05.320989,1.92,0
2018-10-13T18:47:06.651703,2.06,0
2018-10-13T18:47:07.968046,1.89,0
2018-10-13T18:47:09.315142,1.84,0
2018-10-13T18:47:10.677602,2.21,0
2018-10-13T18:47:11.993502,1.7,0
2018-10-13T18:47:13.308028,1.78,0
2018-10-13T18:47:14.681921,1.97,0
2018-10-13T18:47:16.007098,2.91,1
2018-10-13T18:47:17.329141,1.94,0
2018-10-13T18:47:18.725811,2.12,0
2018-10-13T18:47:20.078549,2.05,0
2018-10-13T18:47:21.401038,2.01,0
2018-10-13T18:47:22.759167,1.91,0
2018-10-13T18:47:24.061339,2.11,0
2018-10-13T18:47:25.387641,3.11,1
2018-10-13T18:47:26.745527,1.86,0
2018-10-13T18:47:28.060987,1.96,0
2018-10-13T18:47:29.382354,1.94,0
2018-10-13T18:47:30.746701,1.91,0
2018-10-13T18:47:32.054229,1.76,0
2018-10-13T18:47:33.355498,1.81,0
2018-10-13T18:47:34.697840,1.88,0
2018-10-13T18:47:36.012424,2.01,0
2018-10-13T18:47:37.324844,1.91,0
2018-10-13T18:47:38.698938,1.85,0
2018-10-13T18:47:40.026396,1.83,0
2018-10-13T18:47:41.345805,1.78,0
2018-10-13T18:47:42.706243,1.81,0
2018-10-13T18:47:44.038328,2.02,0
2018-10-13T18:47:45.340742,2.13,0
2018-10-13T18:47:46.690233,2.28,0
2018-10-13T18:47:48.045249,2.28,0
2018-10-13T18:47:49.414180,1.71,0
2018-10-13T18:47:50.750894,2.61,0
2018-10-13T18:47:52.077615,3.25,1
2018-10-13T18:47:53.447493,1.79,0
2018-10-13T18:47:54.765022,1.94,0
2018-10-13T18:47:56.085218,1.89,0
2018-10-13T18:47:57.431844,1.92,0
2018-10-13T18:47:58.766343,1.85,0
2018-10-13T18:48:00.088803,1.74,0
2018-10-13T18:48:01.417616,1.93,0
2018-10-13T18:48:02.763023,2.01,0
2018-10-13T18:48:04.065232,2.05,0
2018-10-13T18:48:05.409895,1.75,0
2018-10-13T18:48:06.743583,2.18,0
2018-10-13T18:48:08.041688,1.85,0
2018-10-13T18:48:09.356600,1.79,0
2018-10-13T18:48:10.759337,2.06,0
2018-10-13T18:48:12.076470,2.23,0
2018-10-13T18:48:13.432472,1.9,0
2018-10-13T18:48:14.743232,1.93,0
2018-10-13T18:48:16.055872,1.86,0
2018-10-13T18:48:17.393614,1.9,0
2018-10-13T18:48:18.746611,2.04,0
2018-10-13T18:48:20.056474,1.98,0
2018-10-13T18:48:21.382466,1.88,0
2018-10-13T18:48:22.771009,1.98,0
2018-10-13T18:48:24.089044,2.01,0
2018-10-13T18:48:25.403660,1.87,0
2018-10-13T18:48:26.778661,1.76,0
2018-10-13T18:48:28.134627,1.84,0
2018-10-13T18:48:29.452274,2.01,0
2018-10-13T18:48:30.827032,2.05,0
2018-10-13T18:48:32.134265,14.02,2
2018-10-13T18:48:33.455020,9.45,0
2018-10-13T18:48:34.798706,6.53,0
2018-10-13T18:48:36.135392,6.57,0
2018-10-13T18:48:37.448474,6.51,0
2018-10-13T18:48:38.805244,6.47,0
2018-10-13T18:48:40.154581,6.49,0
2018-10-13T18:48:41.534572,6.53,0
2018-10-13T18:48:42.879090,1.96,0
2018-10-13T18:48:44.213021,2.11,0
2018-10-13T18:48:45.563657,1.94,0
2018-10-13T18:48:46.962792,1.91,0
2018-10-13T18:48:48.295110,2.23,0
2018-10-13T18:48:49.669670,1.87,0
2018-10-13T18:48:51.015582,1.83,0
2018-10-13T18:48:52.329351,1.9,0
2018-10-13T18:48:53.644688,2.61,0
2018-10-13T18:48:54.985031,1.9,0
2018-10-13T18:48:56.316922,2.31,0
2018-10-13T18:48:57.656879,1.84,0
2018-10-13T18:48:59.002841,1.81,0
2018-10-13T18:49:00.317368,2.64,0
2018-10-13T18:49:01.648497,3.26,1
2018-10-13T18:49:03.004033,1.9,0
2018-10-13T18:49:04.320554,2.01,0
2018-10-13T18:49:05.646684,1.93,0
2018-10-13T18:49:06.998640,2.01,0
2018-10-13T18:49:08.326376,1.81,0
2018-10-13T18:49:09.685031,1.8,0
2018-10-13T18:49:10.998881,1.9,0
2018-10-13T18:49:12.309527,1.97,0
2018-10-13T18:49:13.637326,2.04,0
2018-10-13T18:49:14.978853,1.76,0
2018-10-13T18:49:16.338598,2.16,0
2018-10-13T18:49:17.673504,1.9,0
2018-10-13T18:49:19.039874,1.79,0
2018-10-13T18:49:20.392468,2.03,0
2018-10-13T18:49:21.717838,2.25,0
2018-10-13T18:49:23.048297,1.95,0
2018-10-13T18:49:24.381528,2.15,0
2018-10-13T18:49:25.709203,1.79,0
2018-10-13T18:49:27.031577,1.83,0
2018-10-13T18:49:28.327146,1.97,0
2018-10-13T18:49:29.685296,1.87,0
2018-10-13T18:49:31.004972,2.01,0
2018-10-13T18:49:32.319014,1.95,0
2018-10-13T18:49:33.645460,1.96,0
2018-10-13T18:49:35.003203,1.85,0
2018-10-13T18:49:36.314544,1.79,0
2018-10-13T18:49:37.642735,1.9,0
2018-10-13T18:49:38.977329,1.91,0
2018-10-13T18:49:40.297601,2.09,0
2018-10-13T18:49:41.644833,1.73,0
2018-10-13T18:49:42.986369,1.84,0
2018-10-13T18:49:44.316572,1.83,0
2018-10-13T18:49:45.685894,1.9,0
2018-10-13T18:49:47.032334,1.78,0
2018-10-13T18:49:48.385939,1.75,0
2018-10-13T18:49:49.757511,1.73,0
2018-10-13T18:49:51.128990,1.77,0
2018-10-13T18:49:52.509295,1.85,0
2018-10-13T18:49:53.818876,1.81,0
2018-10-13T18:49:55.157541,1.78,0
2018-10-13T18:49:56.487164,1.83,0
2018-10-13T18:49:57.778180,1.83,0
2018-10-13T18:49:59.096724,1.79,0
2018-10-13T18:50:00.425095,1.76,0
